<?xml version="1.0" ?>
<GameHistory>
  <Level>1</Level>
  <Turn>0</Turn>
  <Mode>LoadFromFile</Mode>
  <IPAddress>C:/Programowanie/Projekty/War of Expansion/last_game_history.xml</IPAddress>
  <StartTime>2025-04-07T02:24:14.345220</StartTime>
  <Objects>
    <Cells>
      <Cell>
        <Type>AttackCell</Type>
        <Color>#0000ff</Color>
        <X>350</X>
        <Y>250</Y>
        <Army>17</Army>
      </Cell>
      <Cell>
        <Type>GeneratorCell</Type>
        <Color>#ff0000</Color>
        <X>450</X>
        <Y>50</Y>
        <Army>52</Army>
      </Cell>
      <Cell>
        <Type>AttackCell</Type>
        <Color>#0000ff</Color>
        <X>550</X>
        <Y>150</Y>
        <Army>18</Army>
      </Cell>
      <Cell>
        <Type>SupportCell</Type>
        <Color>#ff0000</Color>
        <X>100</X>
        <Y>50</Y>
        <Army>19</Army>
      </Cell>
      <Cell>
        <Type>AttackCell</Type>
        <Color>#0000ff</Color>
        <X>150</X>
        <Y>150</Y>
        <Army>18</Army>
      </Cell>
    </Cells>
    <Connections>
      <Connection>
        <FromX>350</FromX>
        <FromY>250</FromY>
        <ToX>450</ToX>
        <ToY>50</ToY>
      </Connection>
      <Connection>
        <FromX>450</FromX>
        <FromY>50</FromY>
        <ToX>150</ToX>
        <ToY>150</ToY>
      </Connection>
      <Connection>
        <FromX>450</FromX>
        <FromY>50</FromY>
        <ToX>150</ToX>
        <ToY>150</ToY>
      </Connection>
      <Connection>
        <FromX>450</FromX>
        <FromY>50</FromY>
        <ToX>550</ToX>
        <ToY>150</ToY>
      </Connection>
    </Connections>
    <BuildSpots/>
  </Objects>
</GameHistory>
